t,x1,x2,alpha,z,entropy,character,event,event_en
-1,4.811913172907115,5.1618159392429686,1.0379457061055393,0,0.2928278796988026,tome,冷めてもいいようにまんじゅうを作る,Makes manju for his return
-1,4.7675966190124,5.511205278505754,0.9611086133352216,0,0.2988311752107913,tome,冷めてもいいようにまんじゅうを作る,Makes manju for his return
0,4.873078776239031,5.009528106925613,1.004051540534436,0,0.2979988771033336,tome,村の大人への根回し,Pre-briefs the villagers
0,4.788757450859563,5.04183779690158,0.9085450434588734,0,0.3385811278118755,tome,村の大人への根回し,Pre-briefs the villagers
1,4.801850732516982,5.031015168081029,0.8488210962056917,0,0.2632679431497651,tome,救助の段取りを整える,Arranges the rescue plan
1,5.169256339296966,5.4402520092312185,0.9129478195374342,0,0.2219716162036281,tome,救助の段取りを整える,Arranges the rescue plan
